DATAFLOW;FREQ;STAT;SPATIAL;TIME_PERIOD;OBS_VALUE;NOT_COUNTED_PROPORTION;GENERAL_STATUS;OBS_STATUS;STATUS;LAND_SURFACE;SPECIAL_VALUE;APPROXIMATELY_LOCATED_POPULATION_PROPORTION;OBS_NOTE;MEASURE;MEASUREMENT_METHOD;UNIT_MEASURE;CONVENTIONALLY_LOCATED_PROPORTION;UNIVERSE;POPULATED;AREA_OF_DISSEMINATION;INSPIREID
ESTAT:DF_CENSUS_GRID_2021(2.0);;T;MT_CRS3035RES1000mN1428000E4733000;2021;6;0;final;I;final;1;;0;;populationAtResidencePlace;count;PS;;;1;MT;
ESTAT:DF_CENSUS_GRID_2021(2.0);;T;MT_CRS3035RES1000mN1428000E4734000;2021;6;0;final;I;final;1;;0;;populationAtResidencePlace;count;PS;;;1;MT;
ESTAT:DF_CENSUS_GRID_2021(2.0);;T;MT_CRS3035RES1000mN1429000E4727000;2021;16;0;final;I;final;1;;0;;populationAtResidencePlace;count;PS;;;1;MT;
ESTAT:DF_CENSUS_GRID_2021(2.0);;T;MT_CRS3035RES1000mN1429000E4728000;2021;5;0;final;I;final;1;;0;;populationAtResidencePlace;count;PS;;;1;MT;
ESTAT:DF_CENSUS_GRID_2021(2.0);;T;MT_CRS3035RES1000mN1429000E4729000;2021;25;0;final;I;final;1;;0;;populationAtResidencePlace;count;PS;;;1;MT;
ESTAT:DF_CENSUS_GRID_2021(2.0);;T;MT_CRS3035RES1000mN1429000E4730000;2021;32;0;final;I;final;1;;0;;populationAtResidencePlace;count;PS;;;1;MT;
ESTAT:DF_CENSUS_GRID_2021(2.0);;T;MT_CRS3035RES1000mN1429000E4731000;2021;37;0;final;I;final;1;;0;;populationAtResidencePlace;count;PS;;;1;MT;
ESTAT:DF_CENSUS_GRID_2021(2.0);;T;MT_CRS3035RES1000mN1429000E4732000;2021;9;0;final;I;final;1;;0;;populationAtResidencePlace;count;PS;;;1;MT;
ESTAT:DF_CENSUS_GRID_2021(2.0);;T;MT_CRS3035RES1000mN1429000E4733000;2021;876;0;final;I;final;1;;0;;populationAtResidencePlace;count;PS;;;1;MT;
ESTAT:DF_CENSUS_GRID_2021(2.0);;T;MT_CRS3035RES1000mN1429000E4734000;2021;155;0;final;I;final;1;;0;;populationAtResidencePlace;count;PS;;;1;MT;
ESTAT:DF_CENSUS_GRID_2021(2.0);;T;MT_CRS3035RES1000mN1430000E4726000;2021;14;0;final;I;final;1;;0;;populationAtResidencePlace;count;PS;;;1;MT;
ESTAT:DF_CENSUS_GRID_2021(2.0);;T;MT_CRS3035RES1000mN1430000E4727000;2021;373;0;final;I;final;1;;0;;populationAtResidencePlace;count;PS;;;1;MT;
ESTAT:DF_CENSUS_GRID_2021(2.0);;T;MT_CRS3035RES1000mN1430000E4728000;2021;4217;0;final;I;final;1;;0;;populationAtResidencePlace;count;PS;;;1;MT;
ESTAT:DF_CENSUS_GRID_2021(2.0);;T;MT_CRS3035RES1000mN1430000E4729000;2021;5243;0;final;I;final;1;;0;;populationAtResidencePlace;count;PS;;;1;MT;
ESTAT:DF_CENSUS_GRID_2021(2.0);;T;MT_CRS3035RES1000mN1430000E4730000;2021;243;0;final;I;final;1;;0;;populationAtResidencePlace;count;PS;;;1;MT;
ESTAT:DF_CENSUS_GRID_2021(2.0);;T;MT_CRS3035RES1000mN1430000E4731000;2021;24;0;final;I;final;1;;0;;populationAtResidencePlace;count;PS;;;1;MT;
ESTAT:DF_CENSUS_GRID_2021(2.0);;T;MT_CRS3035RES1000mN1430000E4732000;2021;70;0;final;I;final;1;;0;;populationAtResidencePlace;count;PS;;;1;MT;
ESTAT:DF_CENSUS_GRID_2021(2.0);;T;MT_CRS3035RES1000mN1430000E4733000;2021;6022;0;final;I;final;1;;0;;populationAtResidencePlace;count;PS;;;1;MT;
ESTAT:DF_CENSUS_GRID_2021(2.0);;T;MT_CRS3035RES1000mN1430000E4734000;2021;1065;0;final;I;final;1;;0;;populationAtResidencePlace;count;PS;;;1;MT;
ESTAT:DF_CENSUS_GRID_2021(2.0);;T;MT_CRS3035RES1000mN1430000E4736000;2021;1;0;final;I;final;1;;0;;populationAtResidencePlace;count;PS;;;1;MT;
ESTAT:DF_CENSUS_GRID_2021(2.0);;T;MT_CRS3035RES1000mN1431000E4722000;2021;5;0;final;I;final;1;;0;;populationAtResidencePlace;count;PS;;;1;MT;
ESTAT:DF_CENSUS_GRID_2021(2.0);;T;MT_CRS3035RES1000mN1431000E4723000;2021;11;0;final;I;final;1;;0;;populationAtResidencePlace;count;PS;;;1;MT;
ESTAT:DF_CENSUS_GRID_2021(2.0);;T;MT_CRS3035RES1000mN1431000E4725000;2021;40;0;final;I;final;1;;0;;populationAtResidencePlace;count;PS;;;1;MT;
ESTAT:DF_CENSUS_GRID_2021(2.0);;T;MT_CRS3035RES1000mN1431000E4726000;2021;22;0;final;I;final;1;;0;;populationAtResidencePlace;count;PS;;;1;MT;
ESTAT:DF_CENSUS_GRID_2021(2.0);;T;MT_CRS3035RES1000mN1431000E4727000;2021;2724;0;final;I;final;1;;0;;populationAtResidencePlace;count;PS;;;1;MT;
ESTAT:DF_CENSUS_GRID_2021(2.0);;T;MT_CRS3035RES1000mN1431000E4728000;2021;1460;0;final;I;final;1;;0;;populationAtResidencePlace;count;PS;;;1;MT;
ESTAT:DF_CENSUS_GRID_2021(2.0);;T;MT_CRS3035RES1000mN1431000E4729000;2021;3357;0;final;I;final;1;;0;;populationAtResidencePlace;count;PS;;;1;MT;
ESTAT:DF_CENSUS_GRID_2021(2.0);;T;MT_CRS3035RES1000mN1431000E4730000;2021;870;0;final;I;final;1;;0;;populationAtResidencePlace;count;PS;;;1;MT;
ESTAT:DF_CENSUS_GRID_2021(2.0);;T;MT_CRS3035RES1000mN1431000E4733000;2021;544;0;final;I;final;1;;0;;populationAtResidencePlace;count;PS;;;1;MT;
ESTAT:DF_CENSUS_GRID_2021(2.0);;T;MT_CRS3035RES1000mN1431000E4734000;2021;3074;0;final;I;final;1;;0;;populationAtResidencePlace;count;PS;;;1;MT;
ESTAT:DF_CENSUS_GRID_2021(2.0);;T;MT_CRS3035RES1000mN1431000E4735000;2021;489;0;final;I;final;1;;0;;populationAtResidencePlace;count;PS;;;1;MT;
ESTAT:DF_CENSUS_GRID_2021(2.0);;T;MT_CRS3035RES1000mN1431000E4736000;2021;23;0;final;I;final;1;;0;;populationAtResidencePlace;count;PS;;;1;MT;
ESTAT:DF_CENSUS_GRID_2021(2.0);;T;MT_CRS3035RES1000mN1432000E4720000;2021;1;0;final;I;final;1;;0;;populationAtResidencePlace;count;PS;;;1;MT;
ESTAT:DF_CENSUS_GRID_2021(2.0);;T;MT_CRS3035RES1000mN1432000E4721000;2021;25;0;final;I;final;1;;0;;populationAtResidencePlace;count;PS;;;1;MT;
ESTAT:DF_CENSUS_GRID_2021(2.0);;T;MT_CRS3035RES1000mN1432000E4723000;2021;1;0;final;I;final;1;;0;;populationAtResidencePlace;count;PS;;;1;MT;
ESTAT:DF_CENSUS_GRID_2021(2.0);;T;MT_CRS3035RES1000mN1432000E4724000;2021;24;0;final;I;final;1;;0;;populationAtResidencePlace;count;PS;;;1;MT;
ESTAT:DF_CENSUS_GRID_2021(2.0);;T;MT_CRS3035RES1000mN1432000E4725000;2021;677;0;final;I;final;1;;0;;populationAtResidencePlace;count;PS;;;1;MT;
ESTAT:DF_CENSUS_GRID_2021(2.0);;T;MT_CRS3035RES1000mN1432000E4726000;2021;167;0;final;I;final;1;;0;;populationAtResidencePlace;count;PS;;;1;MT;
ESTAT:DF_CENSUS_GRID_2021(2.0);;T;MT_CRS3035RES1000mN1432000E4727000;2021;300;0;final;I;final;1;;0;;populationAtResidencePlace;count;PS;;;1;MT;
ESTAT:DF_CENSUS_GRID_2021(2.0);;T;MT_CRS3035RES1000mN1432000E4728000;2021;3178;0;final;I;final;1;;0;;populationAtResidencePlace;count;PS;;;1;MT;
ESTAT:DF_CENSUS_GRID_2021(2.0);;T;MT_CRS3035RES1000mN1432000E4729000;2021;1806;0;final;I;final;1;;0;;populationAtResidencePlace;count;PS;;;1;MT;
ESTAT:DF_CENSUS_GRID_2021(2.0);;T;MT_CRS3035RES1000mN1432000E4730000;2021;202;0;final;I;final;1;;0;;populationAtResidencePlace;count;PS;;;1;MT;
ESTAT:DF_CENSUS_GRID_2021(2.0);;T;MT_CRS3035RES1000mN1432000E4731000;2021;1563;0;final;I;final;1;;0;;populationAtResidencePlace;count;PS;;;1;MT;
ESTAT:DF_CENSUS_GRID_2021(2.0);;T;MT_CRS3035RES1000mN1432000E4732000;2021;1810;0;final;I;final;1;;0;;populationAtResidencePlace;count;PS;;;1;MT;
ESTAT:DF_CENSUS_GRID_2021(2.0);;T;MT_CRS3035RES1000mN1432000E4733000;2021;554;0;final;I;final;1;;0;;populationAtResidencePlace;count;PS;;;1;MT;
ESTAT:DF_CENSUS_GRID_2021(2.0);;T;MT_CRS3035RES1000mN1432000E4734000;2021;1005;0;final;I;final;1;;0;;populationAtResidencePlace;count;PS;;;1;MT;
ESTAT:DF_CENSUS_GRID_2021(2.0);;T;MT_CRS3035RES1000mN1432000E4735000;2021;2447;0;final;I;final;1;;0;;populationAtResidencePlace;count;PS;;;1;MT;
ESTAT:DF_CENSUS_GRID_2021(2.0);;T;MT_CRS3035RES1000mN1432000E4736000;2021;11;0;final;I;final;1;;0;;populationAtResidencePlace;count;PS;;;1;MT;
ESTAT:DF_CENSUS_GRID_2021(2.0);;T;MT_CRS3035RES1000mN1433000E4719000;2021;619;0;final;I;final;1;;0;;populationAtResidencePlace;count;PS;;;1;MT;
ESTAT:DF_CENSUS_GRID_2021(2.0);;T;MT_CRS3035RES1000mN1433000E4720000;2021;2599;0;final;I;final;1;;0;;populationAtResidencePlace;count;PS;;;1;MT;
ESTAT:DF_CENSUS_GRID_2021(2.0);;T;MT_CRS3035RES1000mN1433000E4721000;2021;221;0;final;I;final;1;;0;;populationAtResidencePlace;count;PS;;;1;MT;
ESTAT:DF_CENSUS_GRID_2021(2.0);;T;MT_CRS3035RES1000mN1433000E4722000;2021;29;0;final;I;final;1;;0;;populationAtResidencePlace;count;PS;;;1;MT;
ESTAT:DF_CENSUS_GRID_2021(2.0);;T;MT_CRS3035RES1000mN1433000E4723000;2021;8;0;final;I;final;1;;0;;populationAtResidencePlace;count;PS;;;1;MT;
ESTAT:DF_CENSUS_GRID_2021(2.0);;T;MT_CRS3035RES1000mN1433000E4724000;2021;656;0;final;I;final;1;;0;;populationAtResidencePlace;count;PS;;;1;MT;
ESTAT:DF_CENSUS_GRID_2021(2.0);;T;MT_CRS3035RES1000mN1433000E4725000;2021;6161;0;final;I;final;1;;0;;populationAtResidencePlace;count;PS;;;1;MT;
ESTAT:DF_CENSUS_GRID_2021(2.0);;T;MT_CRS3035RES1000mN1433000E4726000;2021;828;0;final;I;final;1;;0;;populationAtResidencePlace;count;PS;;;1;MT;
ESTAT:DF_CENSUS_GRID_2021(2.0);;T;MT_CRS3035RES1000mN1433000E4728000;2021;1;0;final;I;final;1;;0;;populationAtResidencePlace;count;PS;;;1;MT;
ESTAT:DF_CENSUS_GRID_2021(2.0);;T;MT_CRS3035RES1000mN1433000E4729000;2021;542;0;final;I;final;1;;0;;populationAtResidencePlace;count;PS;;;1;MT;
ESTAT:DF_CENSUS_GRID_2021(2.0);;T;MT_CRS3035RES1000mN1433000E4730000;2021;484;0;final;I;final;1;;0;;populationAtResidencePlace;count;PS;;;1;MT;
ESTAT:DF_CENSUS_GRID_2021(2.0);;T;MT_CRS3035RES1000mN1433000E4731000;2021;1352;0;final;I;final;1;;0;;populationAtResidencePlace;count;PS;;;1;MT;
ESTAT:DF_CENSUS_GRID_2021(2.0);;T;MT_CRS3035RES1000mN1433000E4732000;2021;2560;0;final;I;final;1;;0;;populationAtResidencePlace;count;PS;;;1;MT;
ESTAT:DF_CENSUS_GRID_2021(2.0);;T;MT_CRS3035RES1000mN1433000E4733000;2021;3495;0;final;I;final;1;;0;;populationAtResidencePlace;count;PS;;;1;MT;
ESTAT:DF_CENSUS_GRID_2021(2.0);;T;MT_CRS3035RES1000mN1433000E4734000;2021;3188;0;final;I;final;1;;0;;populationAtResidencePlace;count;PS;;;1;MT;
ESTAT:DF_CENSUS_GRID_2021(2.0);;T;MT_CRS3035RES1000mN1433000E4735000;2021;471;0;final;I;final;1;;0;;populationAtResidencePlace;count;PS;;;1;MT;
ESTAT:DF_CENSUS_GRID_2021(2.0);;T;MT_CRS3035RES1000mN1433000E4736000;2021;75;0;final;I;final;1;;0;;populationAtResidencePlace;count;PS;;;1;MT;
ESTAT:DF_CENSUS_GRID_2021(2.0);;T;MT_CRS3035RES1000mN1434000E4718000;2021;9;0;final;I;final;1;;0;;populationAtResidencePlace;count;PS;;;1;MT;
ESTAT:DF_CENSUS_GRID_2021(2.0);;T;MT_CRS3035RES1000mN1434000E4719000;2021;205;0;final;I;final;1;;0;;populationAtResidencePlace;count;PS;;;1;MT;
ESTAT:DF_CENSUS_GRID_2021(2.0);;T;MT_CRS3035RES1000mN1434000E4720000;2021;192;0;final;I;final;1;;0;;populationAtResidencePlace;count;PS;;;1;MT;
ESTAT:DF_CENSUS_GRID_2021(2.0);;T;MT_CRS3035RES1000mN1434000E4721000;2021;174;0;final;I;final;1;;0;;populationAtResidencePlace;count;PS;;;1;MT;
ESTAT:DF_CENSUS_GRID_2021(2.0);;T;MT_CRS3035RES1000mN1434000E4722000;2021;43;0;final;I;final;1;;0;;populationAtResidencePlace;count;PS;;;1;MT;
ESTAT:DF_CENSUS_GRID_2021(2.0);;T;MT_CRS3035RES1000mN1434000E4723000;2021;18;0;final;I;final;1;;0;;populationAtResidencePlace;count;PS;;;1;MT;
ESTAT:DF_CENSUS_GRID_2021(2.0);;T;MT_CRS3035RES1000mN1434000E4724000;2021;34;0;final;I;final;1;;0;;populationAtResidencePlace;count;PS;;;1;MT;
ESTAT:DF_CENSUS_GRID_2021(2.0);;T;MT_CRS3035RES1000mN1434000E4725000;2021;2021;0;final;I;final;1;;0;;populationAtResidencePlace;count;PS;;;1;MT;
ESTAT:DF_CENSUS_GRID_2021(2.0);;T;MT_CRS3035RES1000mN1434000E4726000;2021;1083;0;final;I;final;1;;0;;populationAtResidencePlace;count;PS;;;1;MT;
ESTAT:DF_CENSUS_GRID_2021(2.0);;T;MT_CRS3035RES1000mN1434000E4727000;2021;24;0;final;I;final;1;;0;;populationAtResidencePlace;count;PS;;;1;MT;
ESTAT:DF_CENSUS_GRID_2021(2.0);;T;MT_CRS3035RES1000mN1434000E4728000;2021;193;0;final;I;final;1;;0;;populationAtResidencePlace;count;PS;;;1;MT;
ESTAT:DF_CENSUS_GRID_2021(2.0);;T;MT_CRS3035RES1000mN1434000E4729000;2021;1738;0;final;I;final;1;;0;;populationAtResidencePlace;count;PS;;;1;MT;
ESTAT:DF_CENSUS_GRID_2021(2.0);;T;MT_CRS3035RES1000mN1434000E4730000;2021;2878;0;final;I;final;1;;0;;populationAtResidencePlace;count;PS;;;1;MT;
ESTAT:DF_CENSUS_GRID_2021(2.0);;T;MT_CRS3035RES1000mN1434000E4731000;2021;3342;0;final;I;final;1;;0;;populationAtResidencePlace;count;PS;;;1;MT;
ESTAT:DF_CENSUS_GRID_2021(2.0);;T;MT_CRS3035RES1000mN1434000E4732000;2021;2940;0;final;I;final;1;;0;;populationAtResidencePlace;count;PS;;;1;MT;
ESTAT:DF_CENSUS_GRID_2021(2.0);;T;MT_CRS3035RES1000mN1434000E4733000;2021;1328;0;final;I;final;1;;0;;populationAtResidencePlace;count;PS;;;1;MT;
ESTAT:DF_CENSUS_GRID_2021(2.0);;T;MT_CRS3035RES1000mN1434000E4734000;2021;4267;0;final;I;final;1;;0;;populationAtResidencePlace;count;PS;;;1;MT;
ESTAT:DF_CENSUS_GRID_2021(2.0);;T;MT_CRS3035RES1000mN1434000E4735000;2021;589;0;final;I;final;1;;0;;populationAtResidencePlace;count;PS;;;1;MT;
ESTAT:DF_CENSUS_GRID_2021(2.0);;T;MT_CRS3035RES1000mN1434000E4736000;2021;3636;0;final;I;final;1;;0;;populationAtResidencePlace;count;PS;;;1;MT;
ESTAT:DF_CENSUS_GRID_2021(2.0);;T;MT_CRS3035RES1000mN1434000E4737000;2021;7504;0;final;I;final;1;;0;;populationAtResidencePlace;count;PS;;;1;MT;
ESTAT:DF_CENSUS_GRID_2021(2.0);;T;MT_CRS3035RES1000mN1435000E4717000;2021;38;0;final;I;final;1;;0;;populationAtResidencePlace;count;PS;;;1;MT;
ESTAT:DF_CENSUS_GRID_2021(2.0);;T;MT_CRS3035RES1000mN1435000E4718000;2021;67;0;final;I;final;1;;0;;populationAtResidencePlace;count;PS;;;1;MT;
ESTAT:DF_CENSUS_GRID_2021(2.0);;T;MT_CRS3035RES1000mN1435000E4719000;2021;51;0;final;I;final;1;;0;;populationAtResidencePlace;count;PS;;;1;MT;
ESTAT:DF_CENSUS_GRID_2021(2.0);;T;MT_CRS3035RES1000mN1435000E4720000;2021;150;0;final;I;final;1;;0;;populationAtResidencePlace;count;PS;;;1;MT;
ESTAT:DF_CENSUS_GRID_2021(2.0);;T;MT_CRS3035RES1000mN1435000E4721000;2021;4167;0;final;I;final;1;;0;;populationAtResidencePlace;count;PS;;;1;MT;
ESTAT:DF_CENSUS_GRID_2021(2.0);;T;MT_CRS3035RES1000mN1435000E4722000;2021;913;0;final;I;final;1;;0;;populationAtResidencePlace;count;PS;;;1;MT;
ESTAT:DF_CENSUS_GRID_2021(2.0);;T;MT_CRS3035RES1000mN1435000E4724000;2021;273;0;final;I;final;1;;0;;populationAtResidencePlace;count;PS;;;1;MT;
ESTAT:DF_CENSUS_GRID_2021(2.0);;T;MT_CRS3035RES1000mN1435000E4725000;2021;6950;0;final;I;final;1;;0;;populationAtResidencePlace;count;PS;;;1;MT;
ESTAT:DF_CENSUS_GRID_2021(2.0);;T;MT_CRS3035RES1000mN1435000E4726000;2021;3739;0;final;I;final;1;;0;;populationAtResidencePlace;count;PS;;;1;MT;
ESTAT:DF_CENSUS_GRID_2021(2.0);;T;MT_CRS3035RES1000mN1435000E4727000;2021;1967;0;final;I;final;1;;0;;populationAtResidencePlace;count;PS;;;1;MT;
ESTAT:DF_CENSUS_GRID_2021(2.0);;T;MT_CRS3035RES1000mN1435000E4728000;2021;2756;0;final;I;final;1;;0;;populationAtResidencePlace;count;PS;;;1;MT;
ESTAT:DF_CENSUS_GRID_2021(2.0);;T;MT_CRS3035RES1000mN1435000E4729000;2021;1925;0;final;I;final;1;;0;;populationAtResidencePlace;count;PS;;;1;MT;
ESTAT:DF_CENSUS_GRID_2021(2.0);;T;MT_CRS3035RES1000mN1435000E4730000;2021;530;0;final;I;final;1;;0;;populationAtResidencePlace;count;PS;;;1;MT;
ESTAT:DF_CENSUS_GRID_2021(2.0);;T;MT_CRS3035RES1000mN1435000E4731000;2021;8018;0;final;I;final;1;;0;;populationAtResidencePlace;count;PS;;;1;MT;
ESTAT:DF_CENSUS_GRID_2021(2.0);;T;MT_CRS3035RES1000mN1435000E4732000;2021;12514;0;final;I;final;1;;0;;populationAtResidencePlace;count;PS;;;1;MT;
ESTAT:DF_CENSUS_GRID_2021(2.0);;T;MT_CRS3035RES1000mN1435000E4733000;2021;6286;0;final;I;final;1;;0;;populationAtResidencePlace;count;PS;;;1;MT;
ESTAT:DF_CENSUS_GRID_2021(2.0);;T;MT_CRS3035RES1000mN1435000E4734000;2021;2872;0;final;I;final;1;;0;;populationAtResidencePlace;count;PS;;;1;MT;
ESTAT:DF_CENSUS_GRID_2021(2.0);;T;MT_CRS3035RES1000mN1435000E4735000;2021;269;0;final;I;final;1;;0;;populationAtResidencePlace;count;PS;;;1;MT;
ESTAT:DF_CENSUS_GRID_2021(2.0);;T;MT_CRS3035RES1000mN1435000E4736000;2021;3365;0;final;I;final;1;;0;;populationAtResidencePlace;count;PS;;;1;MT;
ESTAT:DF_CENSUS_GRID_2021(2.0);;T;MT_CRS3035RES1000mN1435000E4737000;2021;2163;0;final;I;final;1;;0;;populationAtResidencePlace;count;PS;;;1;MT;
ESTAT:DF_CENSUS_GRID_2021(2.0);;T;MT_CRS3035RES1000mN1436000E4716000;2021;2;0;final;I;final;1;;0;;populationAtResidencePlace;count;PS;;;1;MT;
ESTAT:DF_CENSUS_GRID_2021(2.0);;T;MT_CRS3035RES1000mN1436000E4717000;2021;29;0;final;I;final;1;;0;;populationAtResidencePlace;count;PS;;;1;MT;
ESTAT:DF_CENSUS_GRID_2021(2.0);;T;MT_CRS3035RES1000mN1436000E4718000;2021;161;0;final;I;final;1;;0;;populationAtResidencePlace;count;PS;;;1;MT;
ESTAT:DF_CENSUS_GRID_2021(2.0);;T;MT_CRS3035RES1000mN1436000E4719000;2021;64;0;final;I;final;1;;0;;populationAtResidencePlace;count;PS;;;1;MT;
ESTAT:DF_CENSUS_GRID_2021(2.0);;T;MT_CRS3035RES1000mN1436000E4720000;2021;445;0;final;I;final;1;;0;;populationAtResidencePlace;count;PS;;;1;MT;
ESTAT:DF_CENSUS_GRID_2021(2.0);;T;MT_CRS3035RES1000mN1436000E4721000;2021;4425;0;final;I;final;1;;0;;populationAtResidencePlace;count;PS;;;1;MT;
ESTAT:DF_CENSUS_GRID_2021(2.0);;T;MT_CRS3035RES1000mN1436000E4722000;2021;548;0;final;I;final;1;;0;;populationAtResidencePlace;count;PS;;;1;MT;
ESTAT:DF_CENSUS_GRID_2021(2.0);;T;MT_CRS3035RES1000mN1436000E4723000;2021;29;0;final;I;final;1;;0;;populationAtResidencePlace;count;PS;;;1;MT;
ESTAT:DF_CENSUS_GRID_2021(2.0);;T;MT_CRS3035RES1000mN1436000E4724000;2021;101;0;final;I;final;1;;0;;populationAtResidencePlace;count;PS;;;1;MT;
ESTAT:DF_CENSUS_GRID_2021(2.0);;T;MT_CRS3035RES1000mN1436000E4725000;2021;601;0;final;I;final;1;;0;;populationAtResidencePlace;count;PS;;;1;MT;
ESTAT:DF_CENSUS_GRID_2021(2.0);;T;MT_CRS3035RES1000mN1436000E4726000;2021;28;0;final;I;final;1;;0;;populationAtResidencePlace;count;PS;;;1;MT;
ESTAT:DF_CENSUS_GRID_2021(2.0);;T;MT_CRS3035RES1000mN1436000E4727000;2021;2608;0;final;I;final;1;;0;;populationAtResidencePlace;count;PS;;;1;MT;
ESTAT:DF_CENSUS_GRID_2021(2.0);;T;MT_CRS3035RES1000mN1436000E4728000;2021;7784;0;final;I;final;1;;0;;populationAtResidencePlace;count;PS;;;1;MT;
ESTAT:DF_CENSUS_GRID_2021(2.0);;T;MT_CRS3035RES1000mN1436000E4729000;2021;6058;0;final;I;final;1;;0;;populationAtResidencePlace;count;PS;;;1;MT;
ESTAT:DF_CENSUS_GRID_2021(2.0);;T;MT_CRS3035RES1000mN1436000E4730000;2021;3537;0;final;I;final;1;;0;;populationAtResidencePlace;count;PS;;;1;MT;
ESTAT:DF_CENSUS_GRID_2021(2.0);;T;MT_CRS3035RES1000mN1436000E4731000;2021;595;0;final;I;final;1;;0;;populationAtResidencePlace;count;PS;;;1;MT;
ESTAT:DF_CENSUS_GRID_2021(2.0);;T;MT_CRS3035RES1000mN1436000E4732000;2021;4027;0;final;I;final;1;;0;;populationAtResidencePlace;count;PS;;;1;MT;
ESTAT:DF_CENSUS_GRID_2021(2.0);;T;MT_CRS3035RES1000mN1436000E4733000;2021;3804;0;final;I;final;1;;0;;populationAtResidencePlace;count;PS;;;1;MT;
ESTAT:DF_CENSUS_GRID_2021(2.0);;T;MT_CRS3035RES1000mN1436000E4734000;2021;9150;0;final;I;final;1;;0;;populationAtResidencePlace;count;PS;;;1;MT;
ESTAT:DF_CENSUS_GRID_2021(2.0);;T;MT_CRS3035RES1000mN1436000E4735000;2021;1172;0;final;I;final;1;;0;;populationAtResidencePlace;count;PS;;;1;MT;
ESTAT:DF_CENSUS_GRID_2021(2.0);;T;MT_CRS3035RES1000mN1436000E4736000;2021;57;0;final;I;final;1;;0;;populationAtResidencePlace;count;PS;;;1;MT;
ESTAT:DF_CENSUS_GRID_2021(2.0);;T;MT_CRS3035RES1000mN1437000E4716000;2021;345;0;final;I;final;1;;0;;populationAtResidencePlace;count;PS;;;1;MT;
ESTAT:DF_CENSUS_GRID_2021(2.0);;T;MT_CRS3035RES1000mN1437000E4717000;2021;907;0;final;I;final;1;;0;;populationAtResidencePlace;count;PS;;;1;MT;
ESTAT:DF_CENSUS_GRID_2021(2.0);;T;MT_CRS3035RES1000mN1437000E4718000;2021;217;0;final;I;final;1;;0;;populationAtResidencePlace;count;PS;;;1;MT;
ESTAT:DF_CENSUS_GRID_2021(2.0);;T;MT_CRS3035RES1000mN1437000E4719000;2021;60;0;final;I;final;1;;0;;populationAtResidencePlace;count;PS;;;1;MT;
ESTAT:DF_CENSUS_GRID_2021(2.0);;T;MT_CRS3035RES1000mN1437000E4720000;2021;48;0;final;I;final;1;;0;;populationAtResidencePlace;count;PS;;;1;MT;
ESTAT:DF_CENSUS_GRID_2021(2.0);;T;MT_CRS3035RES1000mN1437000E4721000;2021;1660;0;final;I;final;1;;0;;populationAtResidencePlace;count;PS;;;1;MT;
ESTAT:DF_CENSUS_GRID_2021(2.0);;T;MT_CRS3035RES1000mN1437000E4722000;2021;70;0;final;I;final;1;;0;;populationAtResidencePlace;count;PS;;;1;MT;
ESTAT:DF_CENSUS_GRID_2021(2.0);;T;MT_CRS3035RES1000mN1437000E4723000;2021;11;0;final;I;final;1;;0;;populationAtResidencePlace;count;PS;;;1;MT;
ESTAT:DF_CENSUS_GRID_2021(2.0);;T;MT_CRS3035RES1000mN1437000E4724000;2021;3165;0;final;I;final;1;;0;;populationAtResidencePlace;count;PS;;;1;MT;
ESTAT:DF_CENSUS_GRID_2021(2.0);;T;MT_CRS3035RES1000mN1437000E4725000;2021;7343;0;final;I;final;1;;0;;populationAtResidencePlace;count;PS;;;1;MT;
ESTAT:DF_CENSUS_GRID_2021(2.0);;T;MT_CRS3035RES1000mN1437000E4726000;2021;2131;0;final;I;final;1;;0;;populationAtResidencePlace;count;PS;;;1;MT;
ESTAT:DF_CENSUS_GRID_2021(2.0);;T;MT_CRS3035RES1000mN1437000E4727000;2021;3897;0;final;I;final;1;;0;;populationAtResidencePlace;count;PS;;;1;MT;
ESTAT:DF_CENSUS_GRID_2021(2.0);;T;MT_CRS3035RES1000mN1437000E4728000;2021;7379;0;final;I;final;1;;0;;populationAtResidencePlace;count;PS;;;1;MT;
ESTAT:DF_CENSUS_GRID_2021(2.0);;T;MT_CRS3035RES1000mN1437000E4729000;2021;11542;0;final;I;final;1;;0;;populationAtResidencePlace;count;PS;;;1;MT;
ESTAT:DF_CENSUS_GRID_2021(2.0);;T;MT_CRS3035RES1000mN1437000E4730000;2021;8894;0;final;I;final;1;;0;;populationAtResidencePlace;count;PS;;;1;MT;
ESTAT:DF_CENSUS_GRID_2021(2.0);;T;MT_CRS3035RES1000mN1437000E4731000;2021;1952;0;final;I;final;1;;0;;populationAtResidencePlace;count;PS;;;1;MT;
ESTAT:DF_CENSUS_GRID_2021(2.0);;T;MT_CRS3035RES1000mN1437000E4732000;2021;3558;0;final;I;final;1;;0;;populationAtResidencePlace;count;PS;;;1;MT;
ESTAT:DF_CENSUS_GRID_2021(2.0);;T;MT_CRS3035RES1000mN1437000E4733000;2021;3411;0;final;I;final;1;;0;;populationAtResidencePlace;count;PS;;;1;MT;
ESTAT:DF_CENSUS_GRID_2021(2.0);;T;MT_CRS3035RES1000mN1437000E4734000;2021;2037;0;final;I;final;1;;0;;populationAtResidencePlace;count;PS;;;1;MT;
ESTAT:DF_CENSUS_GRID_2021(2.0);;T;MT_CRS3035RES1000mN1437000E4735000;2021;2159;0;final;I;final;1;;0;;populationAtResidencePlace;count;PS;;;1;MT;
ESTAT:DF_CENSUS_GRID_2021(2.0);;T;MT_CRS3035RES1000mN1438000E4716000;2021;17;0;final;I;final;1;;0;;populationAtResidencePlace;count;PS;;;1;MT;
ESTAT:DF_CENSUS_GRID_2021(2.0);;T;MT_CRS3035RES1000mN1438000E4717000;2021;121;0;final;I;final;1;;0;;populationAtResidencePlace;count;PS;;;1;MT;
ESTAT:DF_CENSUS_GRID_2021(2.0);;T;MT_CRS3035RES1000mN1438000E4718000;2021;47;0;final;I;final;1;;0;;populationAtResidencePlace;count;PS;;;1;MT;
ESTAT:DF_CENSUS_GRID_2021(2.0);;T;MT_CRS3035RES1000mN1438000E4719000;2021;22;0;final;I;final;1;;0;;populationAtResidencePlace;count;PS;;;1;MT;
ESTAT:DF_CENSUS_GRID_2021(2.0);;T;MT_CRS3035RES1000mN1438000E4720000;2021;3;0;final;I;final;1;;0;;populationAtResidencePlace;count;PS;;;1;MT;
ESTAT:DF_CENSUS_GRID_2021(2.0);;T;MT_CRS3035RES1000mN1438000E4721000;2021;8;0;final;I;final;1;;0;;populationAtResidencePlace;count;PS;;;1;MT;
ESTAT:DF_CENSUS_GRID_2021(2.0);;T;MT_CRS3035RES1000mN1438000E4722000;2021;289;0;final;I;final;1;;0;;populationAtResidencePlace;count;PS;;;1;MT;
ESTAT:DF_CENSUS_GRID_2021(2.0);;T;MT_CRS3035RES1000mN1438000E4723000;2021;1580;0;final;I;final;1;;0;;populationAtResidencePlace;count;PS;;;1;MT;
ESTAT:DF_CENSUS_GRID_2021(2.0);;T;MT_CRS3035RES1000mN1438000E4724000;2021;4940;0;final;I;final;1;;0;;populationAtResidencePlace;count;PS;;;1;MT;
ESTAT:DF_CENSUS_GRID_2021(2.0);;T;MT_CRS3035RES1000mN1438000E4725000;2021;2426;0;final;I;final;1;;0;;populationAtResidencePlace;count;PS;;;1;MT;
ESTAT:DF_CENSUS_GRID_2021(2.0);;T;MT_CRS3035RES1000mN1438000E4726000;2021;7608;0;final;I;final;1;;0;;populationAtResidencePlace;count;PS;;;1;MT;
ESTAT:DF_CENSUS_GRID_2021(2.0);;T;MT_CRS3035RES1000mN1438000E4727000;2021;10818;0;final;I;final;1;;0;;populationAtResidencePlace;count;PS;;;1;MT;
ESTAT:DF_CENSUS_GRID_2021(2.0);;T;MT_CRS3035RES1000mN1438000E4728000;2021;8369;0;final;I;final;1;;0;;populationAtResidencePlace;count;PS;;;1;MT;
ESTAT:DF_CENSUS_GRID_2021(2.0);;T;MT_CRS3035RES1000mN1438000E4729000;2021;9025;0;final;I;final;1;;0;;populationAtResidencePlace;count;PS;;;1;MT;
ESTAT:DF_CENSUS_GRID_2021(2.0);;T;MT_CRS3035RES1000mN1438000E4730000;2021;5652;0;final;I;final;1;;0;;populationAtResidencePlace;count;PS;;;1;MT;
ESTAT:DF_CENSUS_GRID_2021(2.0);;T;MT_CRS3035RES1000mN1438000E4731000;2021;1478;0;final;I;final;1;;0;;populationAtResidencePlace;count;PS;;;1;MT;
ESTAT:DF_CENSUS_GRID_2021(2.0);;T;MT_CRS3035RES1000mN1438000E4732000;2021;3712;0;final;I;final;1;;0;;populationAtResidencePlace;count;PS;;;1;MT;
ESTAT:DF_CENSUS_GRID_2021(2.0);;T;MT_CRS3035RES1000mN1438000E4733000;2021;17;0;final;I;final;1;;0;;populationAtResidencePlace;count;PS;;;1;MT;
ESTAT:DF_CENSUS_GRID_2021(2.0);;T;MT_CRS3035RES1000mN1438000E4734000;2021;4;0;final;I;final;1;;0;;populationAtResidencePlace;count;PS;;;1;MT;
ESTAT:DF_CENSUS_GRID_2021(2.0);;T;MT_CRS3035RES1000mN1439000E4716000;2021;8;0;final;I;final;1;;0;;populationAtResidencePlace;count;PS;;;1;MT;
ESTAT:DF_CENSUS_GRID_2021(2.0);;T;MT_CRS3035RES1000mN1439000E4717000;2021;18;0;final;I;final;1;;0;;populationAtResidencePlace;count;PS;;;1;MT;
ESTAT:DF_CENSUS_GRID_2021(2.0);;T;MT_CRS3035RES1000mN1439000E4718000;2021;21;0;final;I;final;1;;0;;populationAtResidencePlace;count;PS;;;1;MT;
ESTAT:DF_CENSUS_GRID_2021(2.0);;T;MT_CRS3035RES1000mN1439000E4719000;2021;80;0;final;I;final;1;;0;;populationAtResidencePlace;count;PS;;;1;MT;
ESTAT:DF_CENSUS_GRID_2021(2.0);;T;MT_CRS3035RES1000mN1439000E4720000;2021;4;0;final;I;final;1;;0;;populationAtResidencePlace;count;PS;;;1;MT;
ESTAT:DF_CENSUS_GRID_2021(2.0);;T;MT_CRS3035RES1000mN1439000E4722000;2021;16;0;final;I;final;1;;0;;populationAtResidencePlace;count;PS;;;1;MT;
ESTAT:DF_CENSUS_GRID_2021(2.0);;T;MT_CRS3035RES1000mN1439000E4723000;2021;5338;0;final;I;final;1;;0;;populationAtResidencePlace;count;PS;;;1;MT;
ESTAT:DF_CENSUS_GRID_2021(2.0);;T;MT_CRS3035RES1000mN1439000E4724000;2021;9215;0;final;I;final;1;;0;;populationAtResidencePlace;count;PS;;;1;MT;
ESTAT:DF_CENSUS_GRID_2021(2.0);;T;MT_CRS3035RES1000mN1439000E4725000;2021;6933;0;final;I;final;1;;0;;populationAtResidencePlace;count;PS;;;1;MT;
ESTAT:DF_CENSUS_GRID_2021(2.0);;T;MT_CRS3035RES1000mN1439000E4726000;2021;1635;0;final;I;final;1;;0;;populationAtResidencePlace;count;PS;;;1;MT;
ESTAT:DF_CENSUS_GRID_2021(2.0);;T;MT_CRS3035RES1000mN1439000E4727000;2021;499;0;final;I;final;1;;0;;populationAtResidencePlace;count;PS;;;1;MT;
ESTAT:DF_CENSUS_GRID_2021(2.0);;T;MT_CRS3035RES1000mN1439000E4728000;2021;7111;0;final;I;final;1;;0;;populationAtResidencePlace;count;PS;;;1;MT;
ESTAT:DF_CENSUS_GRID_2021(2.0);;T;MT_CRS3035RES1000mN1439000E4729000;2021;8323;0;final;I;final;1;;0;;populationAtResidencePlace;count;PS;;;1;MT;
ESTAT:DF_CENSUS_GRID_2021(2.0);;T;MT_CRS3035RES1000mN1439000E4730000;2021;13725;0;final;I;final;1;;0;;populationAtResidencePlace;count;PS;;;1;MT;
ESTAT:DF_CENSUS_GRID_2021(2.0);;T;MT_CRS3035RES1000mN1439000E4731000;2021;5537;0;final;I;final;1;;0;;populationAtResidencePlace;count;PS;;;1;MT;
ESTAT:DF_CENSUS_GRID_2021(2.0);;T;MT_CRS3035RES1000mN1439000E4732000;2021;61;0;final;I;final;1;;0;;populationAtResidencePlace;count;PS;;;1;MT;
ESTAT:DF_CENSUS_GRID_2021(2.0);;T;MT_CRS3035RES1000mN1440000E4716000;2021;5;0;final;I;final;1;;0;;populationAtResidencePlace;count;PS;;;1;MT;
ESTAT:DF_CENSUS_GRID_2021(2.0);;T;MT_CRS3035RES1000mN1440000E4717000;2021;26;0;final;I;final;1;;0;;populationAtResidencePlace;count;PS;;;1;MT;
ESTAT:DF_CENSUS_GRID_2021(2.0);;T;MT_CRS3035RES1000mN1440000E4718000;2021;2386;0;final;I;final;1;;0;;populationAtResidencePlace;count;PS;;;1;MT;
ESTAT:DF_CENSUS_GRID_2021(2.0);;T;MT_CRS3035RES1000mN1440000E4719000;2021;1866;0;final;I;final;1;;0;;populationAtResidencePlace;count;PS;;;1;MT;
ESTAT:DF_CENSUS_GRID_2021(2.0);;T;MT_CRS3035RES1000mN1440000E4720000;2021;154;0;final;I;final;1;;0;;populationAtResidencePlace;count;PS;;;1;MT;
ESTAT:DF_CENSUS_GRID_2021(2.0);;T;MT_CRS3035RES1000mN1440000E4721000;2021;542;0;final;I;final;1;;0;;populationAtResidencePlace;count;PS;;;1;MT;
ESTAT:DF_CENSUS_GRID_2021(2.0);;T;MT_CRS3035RES1000mN1440000E4722000;2021;3;0;final;I;final;1;;0;;populationAtResidencePlace;count;PS;;;1;MT;
ESTAT:DF_CENSUS_GRID_2021(2.0);;T;MT_CRS3035RES1000mN1440000E4723000;2021;348;0;final;I;final;1;;0;;populationAtResidencePlace;count;PS;;;1;MT;
ESTAT:DF_CENSUS_GRID_2021(2.0);;T;MT_CRS3035RES1000mN1440000E4724000;2021;1858;0;final;I;final;1;;0;;populationAtResidencePlace;count;PS;;;1;MT;
ESTAT:DF_CENSUS_GRID_2021(2.0);;T;MT_CRS3035RES1000mN1440000E4725000;2021;4655;0;final;I;final;1;;0;;populationAtResidencePlace;count;PS;;;1;MT;
ESTAT:DF_CENSUS_GRID_2021(2.0);;T;MT_CRS3035RES1000mN1440000E4726000;2021;2842;0;final;I;final;1;;0;;populationAtResidencePlace;count;PS;;;1;MT;
ESTAT:DF_CENSUS_GRID_2021(2.0);;T;MT_CRS3035RES1000mN1440000E4727000;2021;540;0;final;I;final;1;;0;;populationAtResidencePlace;count;PS;;;1;MT;
ESTAT:DF_CENSUS_GRID_2021(2.0);;T;MT_CRS3035RES1000mN1440000E4728000;2021;5605;0;final;I;final;1;;0;;populationAtResidencePlace;count;PS;;;1;MT;
ESTAT:DF_CENSUS_GRID_2021(2.0);;T;MT_CRS3035RES1000mN1440000E4729000;2021;9791;0;final;I;final;1;;0;;populationAtResidencePlace;count;PS;;;1;MT;
ESTAT:DF_CENSUS_GRID_2021(2.0);;T;MT_CRS3035RES1000mN1440000E4730000;2021;8072;0;final;I;final;1;;0;;populationAtResidencePlace;count;PS;;;1;MT;
ESTAT:DF_CENSUS_GRID_2021(2.0);;T;MT_CRS3035RES1000mN1440000E4731000;2021;3472;0;final;I;final;1;;0;;populationAtResidencePlace;count;PS;;;1;MT;
ESTAT:DF_CENSUS_GRID_2021(2.0);;T;MT_CRS3035RES1000mN1441000E4716000;2021;2;0;final;I;final;1;;0;;populationAtResidencePlace;count;PS;;;1;MT;
ESTAT:DF_CENSUS_GRID_2021(2.0);;T;MT_CRS3035RES1000mN1441000E4717000;2021;66;0;final;I;final;1;;0;;populationAtResidencePlace;count;PS;;;1;MT;
ESTAT:DF_CENSUS_GRID_2021(2.0);;T;MT_CRS3035RES1000mN1441000E4718000;2021;92;0;final;I;final;1;;0;;populationAtResidencePlace;count;PS;;;1;MT;
ESTAT:DF_CENSUS_GRID_2021(2.0);;T;MT_CRS3035RES1000mN1441000E4719000;2021;25;0;final;I;final;1;;0;;populationAtResidencePlace;count;PS;;;1;MT;
ESTAT:DF_CENSUS_GRID_2021(2.0);;T;MT_CRS3035RES1000mN1441000E4720000;2021;49;0;final;I;final;1;;0;;populationAtResidencePlace;count;PS;;;1;MT;
ESTAT:DF_CENSUS_GRID_2021(2.0);;T;MT_CRS3035RES1000mN1441000E4721000;2021;301;0;final;I;final;1;;0;;populationAtResidencePlace;count;PS;;;1;MT;
ESTAT:DF_CENSUS_GRID_2021(2.0);;T;MT_CRS3035RES1000mN1441000E4722000;2021;371;0;final;I;final;1;;0;;populationAtResidencePlace;count;PS;;;1;MT;
ESTAT:DF_CENSUS_GRID_2021(2.0);;T;MT_CRS3035RES1000mN1441000E4723000;2021;83;0;final;I;final;1;;0;;populationAtResidencePlace;count;PS;;;1;MT;
ESTAT:DF_CENSUS_GRID_2021(2.0);;T;MT_CRS3035RES1000mN1441000E4724000;2021;602;0;final;I;final;1;;0;;populationAtResidencePlace;count;PS;;;1;MT;
ESTAT:DF_CENSUS_GRID_2021(2.0);;T;MT_CRS3035RES1000mN1441000E4725000;2021;142;0;final;I;final;1;;0;;populationAtResidencePlace;count;PS;;;1;MT;
ESTAT:DF_CENSUS_GRID_2021(2.0);;T;MT_CRS3035RES1000mN1441000E4726000;2021;2188;0;final;I;final;1;;0;;populationAtResidencePlace;count;PS;;;1;MT;
ESTAT:DF_CENSUS_GRID_2021(2.0);;T;MT_CRS3035RES1000mN1441000E4727000;2021;1173;0;final;I;final;1;;0;;populationAtResidencePlace;count;PS;;;1;MT;
ESTAT:DF_CENSUS_GRID_2021(2.0);;T;MT_CRS3035RES1000mN1441000E4728000;2021;2633;0;final;I;final;1;;0;;populationAtResidencePlace;count;PS;;;1;MT;
ESTAT:DF_CENSUS_GRID_2021(2.0);;T;MT_CRS3035RES1000mN1441000E4729000;2021;3545;0;final;I;final;1;;0;;populationAtResidencePlace;count;PS;;;1;MT;
ESTAT:DF_CENSUS_GRID_2021(2.0);;T;MT_CRS3035RES1000mN1441000E4730000;2021;373;0;final;I;final;1;;0;;populationAtResidencePlace;count;PS;;;1;MT;
ESTAT:DF_CENSUS_GRID_2021(2.0);;T;MT_CRS3035RES1000mN1442000E4716000;2021;343;0;final;I;final;1;;0;;populationAtResidencePlace;count;PS;;;1;MT;
ESTAT:DF_CENSUS_GRID_2021(2.0);;T;MT_CRS3035RES1000mN1442000E4717000;2021;781;0;final;I;final;1;;0;;populationAtResidencePlace;count;PS;;;1;MT;
ESTAT:DF_CENSUS_GRID_2021(2.0);;T;MT_CRS3035RES1000mN1442000E4718000;2021;20;0;final;I;final;1;;0;;populationAtResidencePlace;count;PS;;;1;MT;
ESTAT:DF_CENSUS_GRID_2021(2.0);;T;MT_CRS3035RES1000mN1442000E4719000;2021;113;0;final;I;final;1;;0;;populationAtResidencePlace;count;PS;;;1;MT;
ESTAT:DF_CENSUS_GRID_2021(2.0);;T;MT_CRS3035RES1000mN1442000E4720000;2021;1065;0;final;I;final;1;;0;;populationAtResidencePlace;count;PS;;;1;MT;
ESTAT:DF_CENSUS_GRID_2021(2.0);;T;MT_CRS3035RES1000mN1442000E4721000;2021;61;0;final;I;final;1;;0;;populationAtResidencePlace;count;PS;;;1;MT;
ESTAT:DF_CENSUS_GRID_2021(2.0);;T;MT_CRS3035RES1000mN1442000E4722000;2021;722;0;final;I;final;1;;0;;populationAtResidencePlace;count;PS;;;1;MT;
ESTAT:DF_CENSUS_GRID_2021(2.0);;T;MT_CRS3035RES1000mN1442000E4723000;2021;46;0;final;I;final;1;;0;;populationAtResidencePlace;count;PS;;;1;MT;
ESTAT:DF_CENSUS_GRID_2021(2.0);;T;MT_CRS3035RES1000mN1442000E4724000;2021;73;0;final;I;final;1;;0;;populationAtResidencePlace;count;PS;;;1;MT;
ESTAT:DF_CENSUS_GRID_2021(2.0);;T;MT_CRS3035RES1000mN1442000E4725000;2021;169;0;final;I;final;1;;0;;populationAtResidencePlace;count;PS;;;1;MT;
ESTAT:DF_CENSUS_GRID_2021(2.0);;T;MT_CRS3035RES1000mN1442000E4726000;2021;1423;0;final;I;final;1;;0;;populationAtResidencePlace;count;PS;;;1;MT;
ESTAT:DF_CENSUS_GRID_2021(2.0);;T;MT_CRS3035RES1000mN1442000E4727000;2021;110;0;final;I;final;1;;0;;populationAtResidencePlace;count;PS;;;1;MT;
ESTAT:DF_CENSUS_GRID_2021(2.0);;T;MT_CRS3035RES1000mN1443000E4717000;2021;133;0;final;I;final;1;;0;;populationAtResidencePlace;count;PS;;;1;MT;
ESTAT:DF_CENSUS_GRID_2021(2.0);;T;MT_CRS3035RES1000mN1443000E4718000;2021;2291;0;final;I;final;1;;0;;populationAtResidencePlace;count;PS;;;1;MT;
ESTAT:DF_CENSUS_GRID_2021(2.0);;T;MT_CRS3035RES1000mN1443000E4719000;2021;603;0;final;I;final;1;;0;;populationAtResidencePlace;count;PS;;;1;MT;
ESTAT:DF_CENSUS_GRID_2021(2.0);;T;MT_CRS3035RES1000mN1443000E4720000;2021;1448;0;final;I;final;1;;0;;populationAtResidencePlace;count;PS;;;1;MT;
ESTAT:DF_CENSUS_GRID_2021(2.0);;T;MT_CRS3035RES1000mN1443000E4721000;2021;2155;0;final;I;final;1;;0;;populationAtResidencePlace;count;PS;;;1;MT;
ESTAT:DF_CENSUS_GRID_2021(2.0);;T;MT_CRS3035RES1000mN1443000E4722000;2021;12748;0;final;I;final;1;;0;;populationAtResidencePlace;count;PS;;;1;MT;
ESTAT:DF_CENSUS_GRID_2021(2.0);;T;MT_CRS3035RES1000mN1443000E4723000;2021;9180;0;final;I;final;1;;0;;populationAtResidencePlace;count;PS;;;1;MT;
ESTAT:DF_CENSUS_GRID_2021(2.0);;T;MT_CRS3035RES1000mN1443000E4724000;2021;9;0;final;I;final;1;;0;;populationAtResidencePlace;count;PS;;;1;MT;
ESTAT:DF_CENSUS_GRID_2021(2.0);;T;MT_CRS3035RES1000mN1444000E4717000;2021;1885;0;final;I;final;1;;0;;populationAtResidencePlace;count;PS;;;1;MT;
ESTAT:DF_CENSUS_GRID_2021(2.0);;T;MT_CRS3035RES1000mN1444000E4718000;2021;4981;0;final;I;final;1;;0;;populationAtResidencePlace;count;PS;;;1;MT;
ESTAT:DF_CENSUS_GRID_2021(2.0);;T;MT_CRS3035RES1000mN1444000E4719000;2021;498;0;final;I;final;1;;0;;populationAtResidencePlace;count;PS;;;1;MT;
ESTAT:DF_CENSUS_GRID_2021(2.0);;T;MT_CRS3035RES1000mN1444000E4720000;2021;9;0;final;I;final;1;;0;;populationAtResidencePlace;count;PS;;;1;MT;
ESTAT:DF_CENSUS_GRID_2021(2.0);;T;MT_CRS3035RES1000mN1444000E4722000;2021;51;0;final;I;final;1;;0;;populationAtResidencePlace;count;PS;;;1;MT;
ESTAT:DF_CENSUS_GRID_2021(2.0);;T;MT_CRS3035RES1000mN1444000E4723000;2021;3710;0;final;I;final;1;;0;;populationAtResidencePlace;count;PS;;;1;MT;
ESTAT:DF_CENSUS_GRID_2021(2.0);;T;MT_CRS3035RES1000mN1445000E4716000;2021;28;0;final;I;final;1;;0;;populationAtResidencePlace;count;PS;;;1;MT;
ESTAT:DF_CENSUS_GRID_2021(2.0);;T;MT_CRS3035RES1000mN1445000E4717000;2021;846;0;final;I;final;1;;0;;populationAtResidencePlace;count;PS;;;1;MT;
ESTAT:DF_CENSUS_GRID_2021(2.0);;T;MT_CRS3035RES1000mN1445000E4718000;2021;729;0;final;I;final;1;;0;;populationAtResidencePlace;count;PS;;;1;MT;
ESTAT:DF_CENSUS_GRID_2021(2.0);;T;MT_CRS3035RES1000mN1445000E4719000;2021;2;0;final;I;final;1;;0;;populationAtResidencePlace;count;PS;;;1;MT;
ESTAT:DF_CENSUS_GRID_2021(2.0);;T;MT_CRS3035RES1000mN1446000E4715000;2021;7;0;final;I;final;1;;0;;populationAtResidencePlace;count;PS;;;1;MT;
ESTAT:DF_CENSUS_GRID_2021(2.0);;T;MT_CRS3035RES1000mN1446000E4716000;2021;6;0;final;I;final;1;;0;;populationAtResidencePlace;count;PS;;;1;MT;
ESTAT:DF_CENSUS_GRID_2021(2.0);;T;MT_CRS3035RES1000mN1447000E4715000;2021;63;0;final;I;final;1;;0;;populationAtResidencePlace;count;PS;;;1;MT;
ESTAT:DF_CENSUS_GRID_2021(2.0);;T;MT_CRS3035RES1000mN1447000E4716000;2021;34;0;final;I;final;1;;0;;populationAtResidencePlace;count;PS;;;1;MT;
ESTAT:DF_CENSUS_GRID_2021(2.0);;T;MT_CRS3035RES1000mN1447000E4717000;2021;63;0;final;I;final;1;;0;;populationAtResidencePlace;count;PS;;;1;MT;
ESTAT:DF_CENSUS_GRID_2021(2.0);;T;MT_CRS3035RES1000mN1447000E4718000;2021;6;0;final;I;final;1;;0;;populationAtResidencePlace;count;PS;;;1;MT;
ESTAT:DF_CENSUS_GRID_2021(2.0);;T;MT_CRS3035RES1000mN1448000E4717000;2021;1;0;final;I;final;1;;0;;populationAtResidencePlace;count;PS;;;1;MT;
ESTAT:DF_CENSUS_GRID_2021(2.0);;T;MT_CRS3035RES1000mN1448000E4718000;2021;33;0;final;I;final;1;;0;;populationAtResidencePlace;count;PS;;;1;MT;
ESTAT:DF_CENSUS_GRID_2021(2.0);;T;MT_CRS3035RES1000mN1450000E4706000;2021;698;0;final;I;final;1;;0;;populationAtResidencePlace;count;PS;;;1;MT;
ESTAT:DF_CENSUS_GRID_2021(2.0);;T;MT_CRS3035RES1000mN1450000E4707000;2021;570;0;final;I;final;1;;0;;populationAtResidencePlace;count;PS;;;1;MT;
ESTAT:DF_CENSUS_GRID_2021(2.0);;T;MT_CRS3035RES1000mN1450000E4714000;2021;1;0;final;I;final;1;;0;;populationAtResidencePlace;count;PS;;;1;MT;
ESTAT:DF_CENSUS_GRID_2021(2.0);;T;MT_CRS3035RES1000mN1450000E4715000;2021;1;0;final;I;final;1;;0;;populationAtResidencePlace;count;PS;;;1;MT;
ESTAT:DF_CENSUS_GRID_2021(2.0);;T;MT_CRS3035RES1000mN1451000E4704000;2021;764;0;final;I;final;1;;0;;populationAtResidencePlace;count;PS;;;1;MT;
ESTAT:DF_CENSUS_GRID_2021(2.0);;T;MT_CRS3035RES1000mN1451000E4705000;2021;438;0;final;I;final;1;;0;;populationAtResidencePlace;count;PS;;;1;MT;
ESTAT:DF_CENSUS_GRID_2021(2.0);;T;MT_CRS3035RES1000mN1451000E4706000;2021;1449;0;final;I;final;1;;0;;populationAtResidencePlace;count;PS;;;1;MT;
ESTAT:DF_CENSUS_GRID_2021(2.0);;T;MT_CRS3035RES1000mN1451000E4707000;2021;648;0;final;I;final;1;;0;;populationAtResidencePlace;count;PS;;;1;MT;
ESTAT:DF_CENSUS_GRID_2021(2.0);;T;MT_CRS3035RES1000mN1451000E4708000;2021;1007;0;final;I;final;1;;0;;populationAtResidencePlace;count;PS;;;1;MT;
ESTAT:DF_CENSUS_GRID_2021(2.0);;T;MT_CRS3035RES1000mN1451000E4709000;2021;229;0;final;I;final;1;;0;;populationAtResidencePlace;count;PS;;;1;MT;
ESTAT:DF_CENSUS_GRID_2021(2.0);;T;MT_CRS3035RES1000mN1451000E4710000;2021;1813;0;final;I;final;1;;0;;populationAtResidencePlace;count;PS;;;1;MT;
ESTAT:DF_CENSUS_GRID_2021(2.0);;T;MT_CRS3035RES1000mN1451000E4711000;2021;1366;0;final;I;final;1;;0;;populationAtResidencePlace;count;PS;;;1;MT;
ESTAT:DF_CENSUS_GRID_2021(2.0);;T;MT_CRS3035RES1000mN1451000E4712000;2021;2;0;final;I;final;1;;0;;populationAtResidencePlace;count;PS;;;1;MT;
ESTAT:DF_CENSUS_GRID_2021(2.0);;T;MT_CRS3035RES1000mN1452000E4704000;2021;452;0;final;I;final;1;;0;;populationAtResidencePlace;count;PS;;;1;MT;
ESTAT:DF_CENSUS_GRID_2021(2.0);;T;MT_CRS3035RES1000mN1452000E4705000;2021;1227;0;final;I;final;1;;0;;populationAtResidencePlace;count;PS;;;1;MT;
ESTAT:DF_CENSUS_GRID_2021(2.0);;T;MT_CRS3035RES1000mN1452000E4706000;2021;4113;0;final;I;final;1;;0;;populationAtResidencePlace;count;PS;;;1;MT;
ESTAT:DF_CENSUS_GRID_2021(2.0);;T;MT_CRS3035RES1000mN1452000E4707000;2021;1250;0;final;I;final;1;;0;;populationAtResidencePlace;count;PS;;;1;MT;
ESTAT:DF_CENSUS_GRID_2021(2.0);;T;MT_CRS3035RES1000mN1452000E4708000;2021;761;0;final;I;final;1;;0;;populationAtResidencePlace;count;PS;;;1;MT;
ESTAT:DF_CENSUS_GRID_2021(2.0);;T;MT_CRS3035RES1000mN1452000E4709000;2021;340;0;final;I;final;1;;0;;populationAtResidencePlace;count;PS;;;1;MT;
ESTAT:DF_CENSUS_GRID_2021(2.0);;T;MT_CRS3035RES1000mN1452000E4710000;2021;971;0;final;I;final;1;;0;;populationAtResidencePlace;count;PS;;;1;MT;
ESTAT:DF_CENSUS_GRID_2021(2.0);;T;MT_CRS3035RES1000mN1452000E4711000;2021;1618;0;final;I;final;1;;0;;populationAtResidencePlace;count;PS;;;1;MT;
ESTAT:DF_CENSUS_GRID_2021(2.0);;T;MT_CRS3035RES1000mN1452000E4712000;2021;1484;0;final;I;final;1;;0;;populationAtResidencePlace;count;PS;;;1;MT;
ESTAT:DF_CENSUS_GRID_2021(2.0);;T;MT_CRS3035RES1000mN1452000E4713000;2021;727;0;final;I;final;1;;0;;populationAtResidencePlace;count;PS;;;1;MT;
ESTAT:DF_CENSUS_GRID_2021(2.0);;T;MT_CRS3035RES1000mN1452000E4714000;2021;2;0;final;I;final;1;;0;;populationAtResidencePlace;count;PS;;;1;MT;
ESTAT:DF_CENSUS_GRID_2021(2.0);;T;MT_CRS3035RES1000mN1453000E4701000;2021;30;0;final;I;final;1;;0;;populationAtResidencePlace;count;PS;;;1;MT;
ESTAT:DF_CENSUS_GRID_2021(2.0);;T;MT_CRS3035RES1000mN1453000E4702000;2021;54;0;final;I;final;1;;0;;populationAtResidencePlace;count;PS;;;1;MT;
ESTAT:DF_CENSUS_GRID_2021(2.0);;T;MT_CRS3035RES1000mN1453000E4703000;2021;111;0;final;I;final;1;;0;;populationAtResidencePlace;count;PS;;;1;MT;
ESTAT:DF_CENSUS_GRID_2021(2.0);;T;MT_CRS3035RES1000mN1453000E4704000;2021;99;0;final;I;final;1;;0;;populationAtResidencePlace;count;PS;;;1;MT;
ESTAT:DF_CENSUS_GRID_2021(2.0);;T;MT_CRS3035RES1000mN1453000E4705000;2021;462;0;final;I;final;1;;0;;populationAtResidencePlace;count;PS;;;1;MT;
ESTAT:DF_CENSUS_GRID_2021(2.0);;T;MT_CRS3035RES1000mN1453000E4706000;2021;2450;0;final;I;final;1;;0;;populationAtResidencePlace;count;PS;;;1;MT;
ESTAT:DF_CENSUS_GRID_2021(2.0);;T;MT_CRS3035RES1000mN1453000E4707000;2021;1121;0;final;I;final;1;;0;;populationAtResidencePlace;count;PS;;;1;MT;
ESTAT:DF_CENSUS_GRID_2021(2.0);;T;MT_CRS3035RES1000mN1453000E4708000;2021;1384;0;final;I;final;1;;0;;populationAtResidencePlace;count;PS;;;1;MT;
ESTAT:DF_CENSUS_GRID_2021(2.0);;T;MT_CRS3035RES1000mN1453000E4709000;2021;706;0;final;I;final;1;;0;;populationAtResidencePlace;count;PS;;;1;MT;
ESTAT:DF_CENSUS_GRID_2021(2.0);;T;MT_CRS3035RES1000mN1453000E4710000;2021;368;0;final;I;final;1;;0;;populationAtResidencePlace;count;PS;;;1;MT;
ESTAT:DF_CENSUS_GRID_2021(2.0);;T;MT_CRS3035RES1000mN1453000E4711000;2021;1094;0;final;I;final;1;;0;;populationAtResidencePlace;count;PS;;;1;MT;
ESTAT:DF_CENSUS_GRID_2021(2.0);;T;MT_CRS3035RES1000mN1453000E4712000;2021;286;0;final;I;final;1;;0;;populationAtResidencePlace;count;PS;;;1;MT;
ESTAT:DF_CENSUS_GRID_2021(2.0);;T;MT_CRS3035RES1000mN1453000E4713000;2021;226;0;final;I;final;1;;0;;populationAtResidencePlace;count;PS;;;1;MT;
ESTAT:DF_CENSUS_GRID_2021(2.0);;T;MT_CRS3035RES1000mN1454000E4702000;2021;372;0;final;I;final;1;;0;;populationAtResidencePlace;count;PS;;;1;MT;
ESTAT:DF_CENSUS_GRID_2021(2.0);;T;MT_CRS3035RES1000mN1454000E4703000;2021;1345;0;final;I;final;1;;0;;populationAtResidencePlace;count;PS;;;1;MT;
ESTAT:DF_CENSUS_GRID_2021(2.0);;T;MT_CRS3035RES1000mN1454000E4704000;2021;131;0;final;I;final;1;;0;;populationAtResidencePlace;count;PS;;;1;MT;
ESTAT:DF_CENSUS_GRID_2021(2.0);;T;MT_CRS3035RES1000mN1454000E4705000;2021;261;0;final;I;final;1;;0;;populationAtResidencePlace;count;PS;;;1;MT;
ESTAT:DF_CENSUS_GRID_2021(2.0);;T;MT_CRS3035RES1000mN1454000E4707000;2021;163;0;final;I;final;1;;0;;populationAtResidencePlace;count;PS;;;1;MT;
ESTAT:DF_CENSUS_GRID_2021(2.0);;T;MT_CRS3035RES1000mN1454000E4708000;2021;954;0;final;I;final;1;;0;;populationAtResidencePlace;count;PS;;;1;MT;
ESTAT:DF_CENSUS_GRID_2021(2.0);;T;MT_CRS3035RES1000mN1454000E4709000;2021;1448;0;final;I;final;1;;0;;populationAtResidencePlace;count;PS;;;1;MT;
ESTAT:DF_CENSUS_GRID_2021(2.0);;T;MT_CRS3035RES1000mN1454000E4711000;2021;201;0;final;I;final;1;;0;;populationAtResidencePlace;count;PS;;;1;MT;
ESTAT:DF_CENSUS_GRID_2021(2.0);;T;MT_CRS3035RES1000mN1454000E4712000;2021;7;0;final;I;final;1;;0;;populationAtResidencePlace;count;PS;;;1;MT;
ESTAT:DF_CENSUS_GRID_2021(2.0);;T;MT_CRS3035RES1000mN1455000E4702000;2021;122;0;final;I;final;1;;0;;populationAtResidencePlace;count;PS;;;1;MT;
ESTAT:DF_CENSUS_GRID_2021(2.0);;T;MT_CRS3035RES1000mN1455000E4703000;2021;174;0;final;I;final;1;;0;;populationAtResidencePlace;count;PS;;;1;MT;
ESTAT:DF_CENSUS_GRID_2021(2.0);;T;MT_CRS3035RES1000mN1455000E4704000;2021;224;0;final;I;final;1;;0;;populationAtResidencePlace;count;PS;;;1;MT;
ESTAT:DF_CENSUS_GRID_2021(2.0);;T;MT_CRS3035RES1000mN1455000E4705000;2021;551;0;final;I;final;1;;0;;populationAtResidencePlace;count;PS;;;1;MT;
ESTAT:DF_CENSUS_GRID_2021(2.0);;T;MT_CRS3035RES1000mN1455000E4706000;2021;1;0;final;I;final;1;;0;;populationAtResidencePlace;count;PS;;;1;MT;
ESTAT:DF_CENSUS_GRID_2021(2.0);;T;MT_CRS3035RES1000mN1455000E4707000;2021;13;0;final;I;final;1;;0;;populationAtResidencePlace;count;PS;;;1;MT;
ESTAT:DF_CENSUS_GRID_2021(2.0);;T;MT_CRS3035RES1000mN1455000E4708000;2021;396;0;final;I;final;1;;0;;populationAtResidencePlace;count;PS;;;1;MT;
ESTAT:DF_CENSUS_GRID_2021(2.0);;T;MT_CRS3035RES1000mN1455000E4709000;2021;15;0;final;I;final;1;;0;;populationAtResidencePlace;count;PS;;;1;MT;
ESTAT:DF_CENSUS_GRID_2021(2.0);;T;MT_CRS3035RES1000mN1455000E4710000;2021;4;0;final;I;final;1;;0;;populationAtResidencePlace;count;PS;;;1;MT;
ESTAT:DF_CENSUS_GRID_2021(2.0);;T;MT_CRS3035RES1000mN1456000E4705000;2021;135;0;final;I;final;1;;0;;populationAtResidencePlace;count;PS;;;1;MT;
ESTAT:DF_CENSUS_GRID_2021(2.0);;T;MT_CRS3035RES1000mN1456000E4706000;2021;639;0;final;I;final;1;;0;;populationAtResidencePlace;count;PS;;;1;MT;
ESTAT:DF_CENSUS_GRID_2021(2.0);;T;MT_CRS3035RES1000mN1456000E4707000;2021;1176;0;final;I;final;1;;0;;populationAtResidencePlace;count;PS;;;1;MT;
ESTAT:DF_CENSUS_GRID_2021(2.0);;T;MT_CRS3035RES1000mN1456000E4708000;2021;625;0;final;I;final;1;;0;;populationAtResidencePlace;count;PS;;;1;MT;
ESTAT:DF_CENSUS_GRID_2021(2.0);;T;MT_CRS3035RES1000mN1457000E4706000;2021;7;0;final;I;final;1;;0;;populationAtResidencePlace;count;PS;;;1;MT;
ESTAT:DF_CENSUS_GRID_2021(2.0);;T;MT_CRS3035RES1000mN1457000E4707000;2021;1;0;final;I;final;1;;0;;populationAtResidencePlace;count;PS;;;1;MT;
